id,price
0,3
1,2
2,3
3,3
4,3
5,2
6,2
7,5
8,3
9,0
10,0
11,4
12,0
13,1
14,3
15,0
16,0
17,1
18,1
19,0
20,4
21,0
22,0
23,0
24,3
25,0
26,3
27,3
28,4
29,5
30,2
31,1
32,3
33,4
34,4
35,3
36,0
37,1
38,0
39,5
40,2
41,1
42,0
43,4
44,1
45,1
46,3
47,0
48,2
49,3
50,1
51,0
52,4
53,3
54,1
55,3
56,0
57,2
58,3
59,0
60,3
61,0
62,0
63,5
64,3
65,0
66,1
67,3
68,3
69,3
70,1
71,2
72,1
73,0
74,0
75,3
76,0
77,0
78,4
79,0
80,0
81,0
82,4
83,0
84,1
85,0
86,5
87,0
88,3
89,0
90,0
91,3
92,3
93,3
94,0
95,2
96,0
97,1
98,3
99,2
100,0
101,3
102,4
103,1
104,0
105,3
106,0
107,0
108,4
109,0
110,4
111,2
112,0
113,3
114,0
115,3
116,0
117,4
118,3
119,0
120,4
121,1
122,0
123,4
124,3
125,4
126,1
127,0
128,5
129,3
130,4
131,1
132,1
133,1
134,3
135,3
136,2
137,0
138,3
139,0
140,0
141,1
142,4
143,3
144,0
145,4
146,1
147,1
148,0
149,3
150,1
151,2
152,3
153,1
154,0
155,1
156,0
157,1
158,0
159,0
160,1
161,0
162,2
163,0
164,2
165,0
166,2
167,5
168,3
169,1
170,1
171,4
172,3
173,1
174,0
175,3
176,4
177,1
178,5
179,3
180,1
181,0
182,2
183,3
184,0
185,3
186,2
187,2
188,0
189,4
190,5
191,0
192,0
193,0
194,2
195,3
196,0
197,2
198,0
199,3
200,2
201,0
202,0
203,1
204,2
205,2
206,5
207,1
208,0
209,4
210,0
211,2
212,1
213,1
214,0
215,5
216,1
217,0
218,1
219,3
220,0
221,0
222,1
223,4
224,0
225,1
226,4
227,1
228,1
229,0
230,3
231,1
232,2
233,3
234,3
235,0
236,0
237,4
238,3
239,0
240,5
241,4
242,2
243,3
244,0
245,5
246,3
247,1
248,0
249,0
250,4
251,0
252,0
253,1
254,4
255,0
256,0
257,0
258,4
259,3
260,4
261,4
262,2
263,0
264,3
265,3
266,2
267,0
268,4
269,1
270,0
271,2
272,3
273,0
274,3
275,0
276,0
277,3
278,0
279,1
280,3
281,2
282,1
283,3
284,4
285,2
286,3
287,2
288,3
289,4
290,0
291,3
292,5
293,1
294,0
295,3
296,1
297,3
298,5
299,4
300,0
301,0
302,0
303,3
304,5
305,1
306,0
307,1
308,4
309,3
310,0
311,1
312,0
313,0
314,3
315,4
316,0
317,2
318,1
319,1
320,0
321,3
322,1
323,5
324,0
325,0
326,5
327,5
328,0
329,4
330,0
331,5
332,4
333,0
334,1
335,0
336,0
337,0
338,0
339,2
340,1
341,1
342,3
343,3
344,5
345,0
346,5
347,2
348,3
349,5
350,0
351,0
352,4
353,4
354,1
355,4
356,3
357,1
358,0
359,0
360,3
361,2
362,1
363,1
364,1
365,0
366,2
367,2
368,2
369,0
370,1
371,0
372,0
373,4
374,4
375,2
376,3
377,3
378,3
379,0
380,0
381,1
382,4
383,0
384,3
385,0
386,0
387,3
388,0
389,0
390,3
391,3
392,4
393,1
394,0
395,5
396,0
397,2
398,0
399,1
400,2
401,3
402,1
403,0
404,3
405,3
406,4
407,2
408,0
409,0
410,0
411,1
412,3
413,1
414,3
415,1
416,1
417,3
418,0
419,2
420,1
421,0
422,4
423,0
424,0
425,1
426,1
427,1
428,0
429,3
430,1
431,3
432,1
433,1
434,3
435,1
436,1
437,3
438,4
439,3
440,0
441,2
442,3
443,3
444,0
445,0
446,1
447,3
448,5
449,3
450,2
451,1
452,0
453,2
454,0
455,3
456,0
457,4
458,0
459,5
460,1
461,4
462,0
463,2
464,1
465,5
466,0
467,2
468,0
469,0
470,3
471,3
472,2
473,3
474,4
475,2
476,3
477,3
478,0
479,0
480,1
481,2
482,3
483,0
484,5
485,1
486,3
487,2
488,3
489,1
490,3
491,3
492,0
493,2
494,3
495,3
496,0
497,3
498,3
499,0
500,3
501,2
502,2
503,3
504,3
505,0
506,0
507,5
508,4
509,2
510,1
511,0
512,3
513,0
514,3
515,0
516,1
517,0
518,0
519,3
520,1
521,0
522,4
523,2
524,2
525,1
526,0
527,0
528,0
529,0
530,1
531,3
532,3
533,5
534,0
535,5
536,2
537,0
538,1
539,3
540,4
541,3
542,0
543,1
544,2
545,3
546,0
547,3
548,4
549,0
550,4
551,2
552,0
553,0
554,3
555,0
556,4
557,3
558,5
559,3
560,0
561,3
562,2
563,2
564,1
565,0
566,0
567,2
568,3
569,3
570,3
571,0
572,4
573,3
574,2
575,3
576,4
577,2
578,2
579,0
580,4
581,0
582,3
583,0
584,1
585,0
586,1
587,4
588,3
589,4
590,3
591,1
592,2
593,2
594,0
595,3
596,3
597,3
598,0
599,1
600,2
601,1
602,5
603,3
604,1
605,1
606,1
607,5
608,3
609,3
610,3
611,2
612,3
613,4
614,1
615,3
616,3
617,1
618,0
619,0
620,0
621,0
622,3
623,1
624,1
625,0
626,4
627,0
628,1
629,3
630,3
631,0
632,3
633,3
634,0
635,3
636,2
637,1
638,1
639,0
640,1
641,0
642,3
643,0
644,1
645,2
646,0
647,4
648,2
649,2
650,1
651,1
652,0
653,0
654,3
655,1
656,4
657,3
658,1
659,0
660,3
661,3
662,2
663,0
664,1
665,2
666,0
667,1
668,1
669,2
670,3
671,1
672,0
673,0
674,2
675,0
676,0
677,0
678,5
679,3
680,0
681,5
682,3
683,4
684,3
685,1
686,4
687,3
688,4
689,3
690,0
691,0
692,3
693,3
694,1
695,1
696,0
697,5
698,0
699,1
700,4
701,2
702,4
703,0
704,3
705,3
706,3
707,1
708,4
709,2
710,2
711,2
712,0
713,3
714,1
715,0
716,3
717,3
718,0
719,2
720,0
721,0
722,0
723,3
724,0
725,0
726,3
727,4
728,1
729,4
730,0
731,5
732,0
733,0
734,3
735,0
736,4
737,1
738,5
739,2
740,3
741,0
742,0
743,3
744,0
745,0
746,4
747,0
748,1
749,0
750,5
751,2
752,2
753,3
754,4
755,4
756,2
757,3
758,3
759,0
760,3
761,0
762,3
763,3
764,3
765,5
766,1
767,3
768,2
769,0
770,5
771,3
772,3
773,3
774,1
775,5
776,0
777,2
778,3
779,1
780,0
781,0
782,0
783,1
784,0
785,1
786,0
787,0
788,2
789,4
790,4
791,3
792,2
793,1
794,3
795,1
796,4
797,0
798,0
799,0
800,3
801,0
802,4
803,1
804,3
805,1
806,4
807,0
808,3
809,0
810,2
811,1
812,1
813,2
814,3
815,2
816,1
817,1
818,4
819,3
820,2
821,3
822,4
823,3
824,3
825,0
826,1
827,4
828,2
829,3
830,3
831,3
832,1
833,4
834,0
835,1
836,0
837,4
838,0
839,0
840,2
841,0
842,0
843,2
844,0
845,2
846,2
847,2
848,3
849,0
850,5
851,4
852,3
853,5
854,0
855,0
856,0
857,2
858,5
859,1
860,0
861,3
862,0
863,4
864,4
865,0
866,0
867,3
868,0
869,1
870,3
871,0
872,3
873,5
874,4
875,3
876,0
877,0
878,0
879,3
880,3
881,0
882,1
883,3
884,4
885,1
886,3
887,5
888,1
889,0
890,3
891,4
892,0
893,1
894,1
895,4
896,2
897,3
898,1
899,3
900,0
901,0
902,3
903,5
904,2
905,0
906,0
907,0
908,0
909,0
910,3
911,0
912,3
913,3
914,3
915,3
916,0
917,1
918,1
919,0
920,1
921,2
922,3
923,5
924,2
925,5
926,3
927,0
928,1
929,3
930,3
931,4
932,1
933,5
934,0
935,0
936,2
937,0
938,3
939,2
940,0
941,4
942,5
943,3
944,3
945,3
946,2
947,3
948,2
949,0
950,0
951,2
952,2
953,3
954,1
955,0
956,0
957,0
958,5
959,3
960,3
961,2
962,3
963,4
964,0
965,5
966,3
967,1
968,3
969,3
970,5
971,3
972,4
973,3
974,0
975,0
976,0
977,0
978,1
979,1
980,3
981,0
982,2
983,2
984,1
985,3
986,4
987,0
988,3
989,0
990,0
991,1
992,0
993,1
994,5
995,0
996,4
997,3
998,3
999,0
1000,2
1001,3
1002,0
1003,1
1004,5
1005,3
1006,1
1007,3
1008,0
1009,3
1010,1
1011,1
1012,1
1013,3
1014,1
1015,2
1016,1
1017,0
1018,1
1019,1
1020,5
1021,5
1022,5
1023,0
1024,3
1025,0
1026,3
1027,0
1028,1
1029,1
1030,5
1031,3
1032,1
1033,2
1034,0
1035,1
1036,3
1037,0
1038,4
1039,0
1040,1
1041,2
1042,0
1043,3
1044,0
1045,0
1046,0
1047,0
1048,1
1049,2
1050,5
1051,2
1052,0
1053,0
1054,0
1055,1
1056,0
1057,5
1058,0
1059,4
1060,4
1061,3
1062,2
1063,4
1064,1
1065,2
1066,0
1067,2
1068,3
1069,0
1070,5
1071,3
1072,0
1073,5
1074,2
1075,3
1076,3
1077,0
1078,3
1079,3
1080,1
1081,3
1082,3
1083,0
1084,4
1085,1
1086,3
1087,4
1088,1
1089,3
1090,1
1091,4
1092,1
1093,3
1094,0
1095,1
1096,0
1097,1
1098,5
1099,0
1100,1
1101,3
1102,0
1103,3
1104,3
1105,0
1106,0
1107,0
1108,2
1109,0
1110,0
1111,1
1112,0
1113,0
1114,3
1115,3
1116,0
1117,3
1118,1
1119,4
1120,1
1121,1
1122,2
1123,5
1124,1
1125,0
1126,1
1127,0
1128,2
1129,2
1130,2
1131,2
1132,2
1133,4
1134,3
1135,1
1136,0
1137,2
1138,0
1139,3
1140,0
1141,5
1142,3
1143,3
1144,3
1145,2
1146,1
1147,2
1148,3
1149,0
1150,1
1151,2
1152,3
1153,3
1154,3
1155,3
1156,4
1157,2
1158,0
1159,3
1160,0
1161,0
1162,1
1163,0
1164,1
1165,1
1166,3
1167,2
1168,1
1169,3
1170,5
1171,0
1172,0
1173,1
1174,0
1175,2
1176,3
1177,5
1178,1
1179,0
1180,2
1181,2
1182,2
1183,1
1184,1
1185,0
1186,0
1187,3
1188,5
1189,0
1190,0
1191,1
1192,0
1193,0
1194,3
1195,3
1196,1
1197,3
1198,0
1199,0
1200,5
1201,0
1202,3
1203,0
1204,3
1205,3
1206,4
1207,0
1208,4
1209,1
1210,3
1211,3
1212,3
1213,2
1214,2
1215,0
1216,4
1217,3
1218,5
1219,1
1220,0
1221,3
1222,1
1223,1
1224,2
1225,0
1226,0
1227,3
1228,1
1229,3
1230,4
1231,0
1232,3
1233,0
1234,4
1235,1
1236,1
1237,3
1238,0
1239,5
1240,0
1241,3
1242,0
1243,3
1244,0
1245,0
1246,1
1247,4
1248,5
1249,4
1250,0
1251,4
1252,0
1253,1
1254,0
1255,0
1256,0
1257,1
1258,1
1259,2
1260,3
1261,1
1262,4
1263,4
1264,3
1265,3
1266,0
1267,0
1268,3
1269,0
1270,0
1271,3
1272,1
1273,3
1274,3
1275,3
1276,1
1277,0
1278,4
1279,0
1280,3
1281,1
1282,0
1283,0
1284,5
1285,4
1286,0
1287,0
1288,0
1289,3
1290,5
1291,5
1292,0
1293,4
1294,3
1295,0
1296,3
1297,2
1298,0
1299,0
1300,4
1301,4
1302,4
1303,0
1304,0
1305,2
1306,2
1307,3
1308,0
1309,0
1310,1
1311,3
1312,5
1313,3
1314,0
1315,0
1316,3
1317,0
1318,1
1319,0
1320,3
1321,2
1322,4
1323,0
1324,4
1325,3
1326,0
1327,0
1328,0
1329,3
1330,1
1331,2
1332,2
1333,0
1334,3
1335,3
1336,3
1337,5
1338,3
1339,3
1340,4
1341,0
1342,4
1343,3
1344,2
1345,3
1346,3
1347,1
1348,0
1349,2
1350,3
1351,4
1352,3
1353,4
1354,1
1355,0
1356,4
1357,1
1358,4
1359,1
1360,1
1361,0
1362,3
1363,1
1364,0
1365,3
1366,3
1367,0
1368,2
1369,4
1370,2
1371,3
1372,0
1373,3
1374,0
1375,3
1376,3
1377,2
1378,2
1379,0
1380,1
1381,2
1382,2
1383,2
1384,5
1385,1
1386,1
1387,3
1388,5
1389,0
1390,3
1391,2
1392,3
1393,1
1394,1
1395,4
1396,1
1397,4
1398,1
1399,2
1400,3
1401,0
1402,0
1403,3
1404,2
1405,4
1406,0
1407,4
1408,4
1409,4
1410,0
1411,3
1412,1
1413,0
1414,3
1415,2
1416,4
1417,5
1418,5
1419,1
1420,2
1421,1
1422,2
1423,0
1424,3
1425,0
1426,2
1427,3
1428,1
1429,3
1430,2
1431,2
1432,3
1433,4
1434,1
1435,3
1436,0
1437,4
1438,3
1439,5
1440,4
1441,1
1442,3
1443,0
1444,3
1445,3
1446,4
1447,1
1448,2
1449,1
1450,0
1451,1
1452,0
1453,2
1454,4
1455,4
1456,1
1457,4
1458,2
1459,0
1460,2
1461,4
1462,4
1463,0
1464,1
1465,1
1466,1
1467,1
1468,0
1469,3
1470,3
1471,4
1472,5
1473,5
1474,0
1475,3
1476,1
1477,4
1478,0
1479,1
1480,4
1481,0
1482,2
1483,1
1484,0
1485,0
1486,1
1487,3
1488,3
1489,3
1490,3
1491,0
1492,3
1493,2
1494,1
1495,4
1496,0
1497,3
1498,5
1499,0
1500,0
1501,3
1502,1
1503,3
1504,0
1505,0
1506,3
1507,0
1508,0
1509,1
1510,1
1511,2
1512,5
1513,0
1514,1
1515,5
1516,0
1517,3
1518,3
1519,4
1520,3
1521,1
1522,1
1523,2
1524,3
1525,3
1526,3
1527,0
1528,2
1529,1
1530,3
1531,1
1532,4
1533,0
1534,5
1535,1
1536,1
1537,1
1538,5
1539,3
1540,0
1541,0
1542,5
1543,3
1544,0
1545,3
1546,5
1547,0
1548,4
1549,2
1550,0
1551,2
1552,2
1553,0
1554,2
1555,0
1556,0
1557,5
1558,1
1559,3
1560,0
1561,0
1562,2
1563,2
1564,2
1565,0
1566,1
1567,0
1568,0
1569,2
1570,1
1571,0
1572,5
1573,1
1574,0
1575,0
1576,1
1577,4
1578,2
1579,3
1580,3
1581,5
1582,5
1583,0
1584,0
1585,0
1586,3
1587,1
1588,1
1589,2
1590,0
1591,1
1592,0
1593,1
1594,2
1595,0
1596,4
1597,2
1598,0
1599,1
1600,0
1601,0
1602,2
1603,4
1604,0
1605,0
1606,0
1607,2
1608,3
1609,3
1610,1
1611,2
1612,3
1613,0
1614,2
1615,3
1616,0
1617,3
1618,0
1619,0
1620,3
1621,0
1622,3
1623,0
1624,3
1625,0
1626,3
1627,1
1628,0
1629,1
1630,5
1631,4
1632,4
1633,5
1634,1
1635,2
1636,0
1637,3
1638,0
1639,2
1640,2
1641,5
1642,3
1643,2
1644,3
1645,4
1646,5
1647,2
1648,0
1649,0
1650,1
1651,0
1652,2
1653,0
1654,1
1655,5
1656,2
1657,5
1658,0
1659,3
1660,3
1661,3
1662,1
1663,3
1664,1
1665,2
1666,2
1667,0
1668,0
1669,3
1670,3
1671,2
1672,0
1673,1
1674,0
1675,0
1676,5
1677,1
1678,1
1679,5
1680,0
1681,1
1682,1
1683,0
1684,2
1685,0
1686,3
1687,1
1688,5
1689,3
1690,1
1691,1
1692,5
1693,0
1694,2
1695,3
1696,1
1697,0
1698,2
1699,0
1700,0
1701,3
1702,1
1703,3
1704,1
1705,3
1706,4
1707,2
1708,1
1709,0
1710,1
1711,0
1712,0
1713,1
1714,0
1715,4
1716,2
1717,3
1718,2
1719,0
1720,2
1721,1
1722,5
1723,0
1724,1
1725,4
1726,2
1727,5
1728,0
1729,0
1730,1
1731,4
1732,5
1733,5
1734,0
1735,1
1736,3
1737,0
1738,2
1739,0
1740,2
1741,1
1742,3
1743,5
1744,1
1745,4
1746,1
1747,4
1748,2
1749,5
1750,0
1751,3
1752,0
1753,5
1754,0
1755,2
1756,0
1757,0
1758,1
1759,1
1760,2
1761,3
1762,2
1763,4
1764,0
1765,0
1766,0
1767,0
1768,0
1769,5
1770,2
1771,0
1772,1
1773,3
1774,1
1775,0
1776,1
1777,0
1778,3
1779,0
1780,3
1781,5
1782,1
1783,1
1784,4
1785,2
1786,3
1787,0
1788,0
1789,4
1790,3
1791,1
1792,1
1793,0
1794,5
1795,1
1796,3
1797,3
1798,4
1799,0
1800,1
1801,0
1802,0
1803,1
1804,3
1805,0
1806,0
1807,4
1808,3
1809,2
1810,0
1811,5
1812,3
1813,4
1814,3
1815,0
1816,1
1817,3
1818,0
1819,4
1820,0
1821,0
1822,2
1823,4
1824,1
1825,3
1826,1
1827,1
1828,3
1829,3
1830,0
1831,0
1832,5
1833,3
1834,0
1835,5
1836,1
1837,2
1838,1
1839,1
1840,0
1841,1
1842,0
1843,0
1844,4
1845,4
1846,3
1847,5
1848,3
1849,1
1850,0
1851,3
1852,3
1853,0
1854,2
1855,3
1856,2
1857,1
1858,5
1859,0
1860,0
1861,0
1862,4
1863,2
1864,0
1865,0
1866,3
1867,3
1868,3
1869,0
1870,0
1871,4
1872,3
1873,0
1874,3
1875,3
1876,2
1877,0
1878,2
1879,0
1880,4
1881,4
1882,0
1883,0
1884,0
1885,1
1886,2
1887,3
1888,0
1889,0
1890,0
1891,0
1892,0
1893,1
1894,0
1895,1
1896,3
1897,4
1898,3
1899,1
1900,3
1901,3
1902,3
1903,1
1904,0
1905,0
1906,3
1907,1
1908,3
1909,0
1910,5
1911,3
1912,2
1913,3
1914,3
1915,3
1916,0
1917,3
1918,3
1919,3
1920,2
1921,5
1922,0
1923,2
1924,0
1925,3
1926,0
1927,3
1928,3
1929,0
1930,0
1931,4
1932,1
1933,0
1934,4
1935,0
1936,5
1937,3
1938,1
1939,3
1940,0
1941,0
1942,2
1943,1
1944,0
1945,4
1946,3
1947,2
1948,0
1949,0
1950,2
1951,1
1952,4
1953,3
1954,0
1955,3
1956,3
1957,3
1958,3
1959,0
1960,1
1961,3
1962,1
1963,3
1964,2
1965,2
1966,0
1967,1
1968,0
1969,3
1970,1
1971,4
1972,0
1973,1
1974,2
1975,3
1976,3
1977,3
1978,0
1979,3
1980,0
1981,1
1982,0
1983,2
1984,5
1985,1
1986,2
1987,0
1988,3
1989,0
1990,1
1991,5
1992,1
1993,0
1994,2
1995,1
1996,0
1997,0
1998,3
1999,1
2000,0
2001,3
2002,3
2003,2
2004,3
2005,0
2006,3
2007,5
2008,1
2009,3
2010,4
2011,1
2012,0
2013,0
2014,5
2015,2
2016,1
2017,1
2018,3
2019,1
2020,0
2021,1
2022,4
2023,2
2024,0
2025,4
2026,4
2027,0
2028,0
2029,2
2030,0
2031,3
2032,5
2033,0
2034,3
2035,0
2036,3
2037,0
2038,0
2039,1
2040,0
2041,2
2042,0
2043,2
2044,4
2045,0
2046,3
2047,3
2048,1
2049,1
2050,2
2051,2
2052,5
2053,3
2054,4
2055,0
2056,1
2057,4
2058,2
2059,3
2060,0
2061,1
2062,0
2063,5
2064,1
2065,3
2066,3
2067,0
2068,3
2069,3
2070,5
2071,0
2072,1
2073,3
2074,5
2075,1
2076,3
2077,3
2078,4
2079,1
2080,0
2081,1
2082,0
2083,0
2084,0
2085,0
2086,1
2087,0
2088,5
2089,5
2090,1
2091,1
2092,4
2093,3
2094,0
2095,1
2096,3
2097,1
2098,0
2099,0
2100,0
2101,3
2102,2
2103,4
2104,0
2105,1
2106,0
2107,0
2108,3
2109,2
2110,0
2111,4
2112,0
2113,5
2114,1
2115,0
2116,0
2117,3
2118,1
2119,0
2120,2
2121,4
2122,5
2123,1
2124,2
2125,4
2126,2
2127,2
2128,1
2129,1
2130,0
2131,2
2132,0
2133,3
2134,4
2135,2
2136,3
2137,3
2138,0
2139,3
2140,4
2141,2
2142,0
2143,2
2144,3
2145,0
2146,0
2147,3
2148,3
2149,1
2150,1
2151,0
2152,1
2153,0
2154,3
2155,0
2156,3
2157,3
2158,0
2159,1
2160,0
2161,5
2162,0
2163,3
2164,1
2165,4
2166,5
2167,2
2168,2
2169,0
2170,3
2171,3
2172,3
2173,3
2174,4
2175,5
2176,1
2177,0
2178,3
2179,0
2180,0
2181,3
2182,1
2183,0
2184,3
2185,0
2186,0
2187,4
2188,0
2189,1
2190,1
2191,0
2192,3
2193,3
2194,0
2195,0
2196,3
2197,1
2198,0
2199,0
2200,1
2201,1
2202,3
2203,1
2204,2
2205,2
2206,4
2207,0
2208,3
2209,0
2210,5
2211,0
2212,0
2213,4
2214,2
2215,1
2216,3
2217,0
2218,3
2219,3
2220,5
2221,5
2222,0
2223,3
2224,5
2225,0
2226,1
2227,0
2228,1
2229,1
2230,0
2231,3
2232,2
2233,3
2234,4
2235,3
2236,2
2237,0
2238,3
2239,3
2240,5
2241,3
2242,5
2243,5
2244,0
2245,3
2246,0
2247,0
2248,0
2249,1
2250,3
2251,0
2252,0
2253,0
2254,2
2255,0
2256,1
2257,3
2258,2
2259,2
2260,3
2261,0
2262,0
2263,5
2264,4
2265,1
2266,1
2267,0
2268,5
2269,1
2270,2
2271,1
2272,3
2273,2
2274,3
2275,4
2276,0
2277,1
2278,3
2279,1
2280,0
2281,0
2282,3
2283,1
2284,0
2285,3
2286,4
2287,2
2288,0
2289,0
2290,1
2291,1
2292,1
2293,2
2294,1
2295,3
2296,3
2297,3
2298,3
2299,0
2300,3
2301,1
2302,1
2303,4
2304,0
2305,4
2306,4
2307,1
2308,1
2309,4
2310,2
2311,4
2312,3
2313,3
2314,1
2315,1
2316,5
2317,3
2318,1
2319,0
2320,0
2321,0
2322,1
2323,0
2324,0
2325,3
2326,1
2327,2
2328,1
2329,1
2330,4
2331,3
2332,1
2333,0
2334,0
2335,0
2336,2
2337,0
2338,0
2339,1
2340,0
2341,0
2342,2
2343,3
2344,1
2345,1
2346,0
2347,2
2348,1
2349,4
2350,2
2351,3
2352,5
2353,0
2354,3
2355,5
2356,2
2357,4
2358,1
2359,0
2360,3
2361,5
2362,4
2363,1
2364,1
2365,3
2366,0
2367,3
2368,0
2369,0
2370,3
2371,1
2372,3
2373,1
2374,0
2375,0
2376,3
2377,3
2378,0
2379,0
2380,1
2381,4
2382,3
2383,4
2384,2
2385,0
2386,3
2387,2
2388,0
2389,2
2390,1
2391,1
2392,5
2393,1
2394,1
2395,0
2396,0
2397,0
2398,4
2399,2
2400,3
2401,3
2402,4
2403,0
2404,0
2405,3
2406,0
2407,4
2408,0
2409,1
2410,0
2411,3
2412,3
2413,3
2414,0
2415,0
2416,4
2417,1
2418,5
2419,3
2420,0
2421,0
2422,3
2423,3
2424,4
2425,1
2426,1
2427,3
2428,5
2429,0
2430,0
2431,0
2432,2
2433,0
2434,2
2435,4
2436,5
2437,4
2438,0
2439,0
2440,2
2441,3
2442,5
2443,1
2444,1
2445,3
2446,3
2447,1
2448,0
2449,1
2450,0
2451,3
2452,3
2453,2
2454,1
2455,3
2456,3
2457,0
2458,3
2459,5
2460,0
2461,1
2462,5
2463,3
2464,1
2465,2
2466,1
2467,2
2468,3
2469,0
2470,4
2471,3
2472,2
2473,3
2474,0
2475,3
2476,3
2477,0
2478,0
2479,4
2480,1
2481,1
2482,0
2483,2
2484,3
2485,3
2486,0
2487,5
2488,3
2489,3
2490,3
2491,0
2492,0
2493,5
2494,0
2495,1
2496,3
2497,1
2498,1
2499,0
2500,2
2501,3
2502,0
2503,3
2504,0
2505,5
2506,4
2507,4
2508,3
2509,2
2510,0
2511,4
2512,0
2513,1
2514,0
2515,1
2516,0
2517,3
2518,4
2519,2
2520,0
2521,3
2522,3
2523,1
2524,0
2525,1
2526,1
2527,1
2528,5
2529,4
2530,3
2531,2
2532,0
2533,3
2534,3
2535,0
2536,3
2537,0
2538,2
2539,3
2540,3
2541,3
2542,1
2543,3
2544,0
2545,0
2546,1
2547,0
2548,2
2549,4
2550,3
2551,1
2552,3
2553,5
2554,4
2555,3
2556,3
2557,0
2558,4
2559,3
2560,2
2561,3
2562,3
2563,0
2564,4
2565,1
2566,2
2567,2
2568,3
2569,1
2570,5
2571,1
2572,5
2573,3
2574,2
2575,2
2576,1
2577,3
2578,1
2579,3
2580,0
2581,5
2582,0
2583,1
2584,0
2585,3
2586,0
2587,5
2588,4
2589,3
2590,1
2591,1
2592,1
2593,0
2594,1
2595,4
2596,5
2597,5
2598,3
2599,5
2600,0
2601,0
2602,0
2603,5
2604,4
2605,0
2606,2
2607,0
2608,0
2609,2
2610,1
2611,1
2612,0
2613,1
2614,0
2615,2
2616,3
2617,4
2618,0
2619,5
2620,4
2621,4
2622,3
2623,1
2624,0
2625,2
2626,3
2627,4
2628,1
2629,3
2630,5
2631,1
2632,1
2633,0
2634,4
2635,1
2636,1
2637,3
2638,0
2639,0
2640,2
2641,1
2642,2
2643,5
2644,2
2645,3
2646,1
2647,3
2648,0
2649,5
2650,2
2651,0
2652,2
2653,1
2654,3
2655,0
2656,0
2657,3
2658,2
2659,5
2660,4
2661,3
2662,1
2663,2
2664,1
2665,1
2666,3
2667,1
2668,4
2669,0
2670,3
2671,5
2672,2
2673,4
2674,3
2675,0
2676,0
2677,0
2678,3
2679,1
2680,1
2681,1
2682,0
2683,0
2684,0
2685,1
2686,1
2687,0
2688,4
2689,3
2690,3
2691,0
2692,2
2693,0
2694,0
2695,0
2696,0
2697,0
2698,0
2699,0
2700,3
2701,3
2702,3
2703,3
2704,0
2705,4
2706,0
2707,4
2708,5
2709,0
2710,0
2711,2
2712,0
2713,1
2714,0
2715,0
2716,3
2717,0
2718,5
2719,3
2720,0
2721,5
2722,1
2723,1
2724,3
2725,3
2726,1
2727,3
2728,0
2729,2
2730,1
2731,2
2732,5
2733,3
2734,3
2735,3
2736,4
2737,1
2738,1
2739,5
2740,1
2741,0
2742,3
2743,1
2744,2
2745,4
2746,1
2747,0
2748,0
2749,4
2750,1
2751,0
2752,3
2753,3
2754,0
2755,2
2756,0
2757,3
2758,2
2759,0
2760,4
2761,0
2762,2
2763,0
2764,0
2765,0
2766,0
2767,1
2768,1
2769,4
2770,2
2771,3
2772,0
2773,3
2774,0
2775,1
2776,2
2777,0
2778,0
2779,0
2780,3
2781,0
2782,2
2783,3
2784,3
2785,1
2786,4
2787,2
2788,1
2789,0
2790,2
2791,1
2792,0
2793,1
2794,3
2795,1
2796,5
2797,1
2798,5
2799,0
2800,0
2801,0
2802,1
2803,1
2804,5
2805,0
2806,5
2807,5
2808,2
2809,4
2810,1
2811,3
2812,3
2813,4
2814,4
2815,0
2816,3
2817,0
2818,2
2819,3
2820,4
2821,1
2822,1
2823,2
2824,5
2825,3
2826,4
2827,2
2828,2
2829,4
2830,0
2831,5
2832,0
2833,4
2834,2
2835,1
2836,0
2837,2
2838,5
2839,3
2840,3
2841,1
2842,2
2843,0
2844,4
2845,1
2846,0
2847,2
2848,3
2849,1
2850,0
2851,3
2852,2
2853,1
2854,1
2855,0
2856,5
2857,4
2858,4
2859,0
2860,5
2861,0
2862,1
2863,2
2864,4
2865,1
2866,0
2867,4
2868,0
2869,3
2870,5
2871,2
2872,2
2873,2
2874,3
2875,1
2876,3
2877,3
2878,2
2879,3
2880,4
2881,0
2882,1
2883,5
2884,1
2885,4
2886,4
2887,1
2888,1
2889,3
2890,3
2891,3
2892,0
2893,0
2894,4
2895,3
2896,3
2897,2
2898,3
2899,3
2900,1
2901,0
2902,4
2903,0
2904,3
2905,5
2906,0
2907,4
2908,4
2909,2
2910,0
2911,0
2912,2
2913,0
2914,5
2915,1
2916,5
2917,4
2918,4
2919,4
2920,0
2921,0
2922,0
2923,2
2924,5
2925,2
2926,3
2927,1
2928,5
2929,2
2930,3
2931,5
2932,3
2933,2
2934,0
2935,0
2936,0
2937,0
2938,1
2939,0
2940,3
2941,0
2942,3
2943,1
2944,4
2945,0
2946,3
2947,3
2948,3
2949,0
2950,0
2951,0
2952,0
2953,0
2954,3
2955,2
2956,3
2957,1
2958,2
2959,1
2960,0
2961,3
2962,0
2963,1
2964,1
2965,4
2966,0
2967,3
2968,1
2969,0
2970,4
2971,5
2972,3
2973,3
2974,2
2975,0
2976,0
2977,1
2978,0
2979,1
2980,2
2981,0
2982,3
2983,1
2984,3
2985,0
2986,1
2987,1
2988,2
2989,3
2990,3
2991,2
2992,3
2993,4
2994,3
2995,3
2996,3
2997,4
2998,1
2999,2
3000,4
3001,1
3002,5
3003,4
3004,1
3005,4
3006,2
3007,2
3008,3
3009,0
3010,1
3011,0
3012,4
3013,1
3014,0
3015,1
3016,4
3017,2
3018,0
3019,4
3020,3
3021,3
3022,1
3023,4
3024,1
3025,0
3026,1
3027,3
3028,3
3029,0
3030,0
3031,3
3032,0
3033,0
3034,1
3035,1
3036,1
3037,5
3038,3
3039,0
3040,2
3041,5
3042,2
3043,0
3044,3
3045,0
3046,5
3047,2
3048,3
3049,4
3050,5
3051,5
3052,3
3053,1
3054,3
3055,0
3056,4
3057,2
3058,3
3059,1
3060,3
3061,0
3062,4
3063,5
3064,4
3065,2
3066,0
3067,2
3068,0
3069,0
3070,3
3071,5
3072,0
3073,0
3074,3
3075,3
3076,5
3077,3
3078,0
3079,0
3080,5
3081,3
3082,0
3083,0
3084,1
3085,2
3086,0
3087,2
3088,3
3089,2
3090,3
3091,3
3092,3
3093,0
3094,2
3095,3
3096,1
3097,1
3098,0
3099,4
3100,0
3101,0
3102,2
3103,3
3104,3
3105,2
3106,0
3107,0
3108,2
3109,1
3110,0
3111,2
3112,1
3113,1
3114,1
3115,0
3116,4
3117,0
3118,4
3119,0
3120,1
3121,4
3122,0
3123,2
3124,4
3125,1
3126,1
3127,3
3128,5
3129,0
3130,1
3131,2
3132,2
3133,3
3134,0
3135,0
3136,0
3137,4
3138,1
3139,3
3140,0
3141,0
3142,4
3143,0
3144,0
3145,0
3146,1
3147,0
3148,1
3149,1
3150,0
3151,0
3152,3
3153,4
3154,3
3155,4
3156,0
3157,0
3158,1
3159,3
3160,4
3161,0
3162,4
3163,2
3164,1
3165,3
3166,2
3167,4
3168,0
3169,4
3170,3
3171,4
3172,0
3173,3
3174,2
3175,3
3176,5
3177,1
3178,5
3179,4
3180,1
3181,2
3182,1
3183,2
3184,4
3185,0
3186,3
3187,0
3188,0
3189,2
3190,3
3191,3
3192,0
3193,3
3194,4
3195,5
3196,2
3197,2
3198,0
3199,1
3200,3
3201,0
3202,2
3203,3
3204,1
3205,3
3206,3
3207,0
3208,3
3209,0
3210,1
3211,1
3212,0
3213,0
3214,2
3215,1
3216,3
3217,1
3218,0
3219,0
3220,4
3221,0
3222,4
3223,0
3224,0
3225,0
3226,0
3227,4
3228,1
3229,4
3230,5
3231,0
3232,3
3233,0
3234,0
3235,0
3236,0
3237,0
3238,4
3239,2
3240,0
3241,4
3242,4
3243,0
3244,0
3245,3
3246,4
3247,3
3248,1
3249,1
3250,0
3251,2
3252,3
3253,1
3254,3
3255,2
3256,2
3257,1
3258,2
3259,4
3260,1
3261,1
3262,0
3263,5
3264,1
3265,0
3266,1
3267,1
3268,0
3269,4
3270,3
3271,2
3272,0
3273,1
3274,1
3275,3
3276,1
3277,2
3278,0
3279,0
3280,5
3281,3
3282,3
3283,2
3284,1
3285,0
3286,5
3287,1
3288,3
3289,2
3290,0
3291,1
3292,1
3293,3
3294,3
3295,3
3296,1
3297,3
3298,2
3299,5
3300,2
3301,1
3302,3
3303,2
3304,2
3305,0
3306,1
3307,3
3308,0
3309,0
3310,3
3311,5
3312,3
3313,0
3314,0
3315,5
3316,1
3317,2
3318,1
3319,0
3320,0
3321,3
3322,0
3323,0
3324,5
3325,0
3326,1
3327,0
3328,4
3329,0
3330,3
3331,1
3332,4
3333,4
3334,3
3335,0
3336,3
3337,1
3338,1
3339,1
3340,1
3341,5
3342,1
3343,1
3344,3
3345,4
3346,5
3347,0
3348,1
3349,1
3350,2
3351,2
3352,0
3353,3
3354,0
3355,1
3356,1
3357,3
3358,3
3359,0
3360,3
3361,2
3362,5
3363,0
3364,0
3365,4
3366,4
3367,1
3368,1
3369,0
3370,2
3371,4
3372,3
3373,4
3374,3
3375,3
3376,1
3377,0
3378,0
3379,0
3380,3
3381,1
3382,3
3383,0
3384,3
3385,0
3386,0
3387,4
3388,0
3389,0
3390,4
3391,3
3392,3
3393,3
3394,1
3395,3
3396,3
3397,0
3398,2
3399,0
3400,0
3401,3
3402,2
3403,1
3404,5
3405,2
3406,0
3407,0
3408,0
3409,3
3410,2
3411,1
3412,2
3413,3
3414,4
3415,2
3416,5
3417,0
3418,0
3419,0
3420,2
3421,0
3422,0
3423,1
3424,3
3425,3
3426,3
3427,5
3428,0
3429,0
3430,0
3431,2
3432,4
3433,5
3434,2
3435,3
3436,5
3437,0
3438,3
3439,3
3440,3
3441,1
3442,3
3443,0
3444,5
3445,3
3446,1
3447,3
3448,0
3449,0
3450,5
3451,2
3452,3
3453,0
3454,3
3455,2
3456,2
3457,3
3458,3
3459,1
3460,3
3461,2
3462,5
3463,1
3464,1
3465,5
3466,3
3467,1
3468,0
3469,3
3470,1
3471,0
3472,5
3473,0
3474,3
3475,4
3476,0
3477,3
3478,1
3479,3
3480,0
3481,3
3482,1
3483,4
3484,3
3485,0
3486,3
3487,3
3488,2
3489,2
3490,0
3491,0
3492,0
3493,0
3494,4
3495,3
3496,2
3497,0
3498,0
3499,4
3500,0
3501,0
3502,0
3503,1
3504,0
3505,1
3506,0
3507,1
3508,4
3509,1
3510,0
3511,2
3512,0
3513,3
3514,5
3515,0
3516,3
3517,5
3518,2
3519,0
3520,2
3521,0
3522,0
3523,3
3524,5
3525,3
3526,4
3527,0
3528,3
3529,4
3530,3
3531,0
3532,1
3533,0
3534,3
3535,1
3536,0
3537,3
3538,3
3539,2
3540,3
3541,1
3542,5
3543,2
3544,2
3545,4
3546,0
3547,0
3548,3
3549,1
3550,4
3551,3
3552,4
3553,2
3554,0
3555,1
3556,3
3557,1
3558,3
3559,0
3560,0
3561,0
3562,1
3563,0
3564,3
3565,3
3566,1
3567,0
3568,3
3569,1
3570,5
3571,1
3572,1
3573,3
3574,1
3575,0
3576,0
3577,3
3578,4
3579,3
3580,3
3581,1
3582,1
3583,1
3584,0
3585,0
3586,3
3587,0
3588,3
3589,0
3590,1
3591,0
3592,3
3593,5
3594,3
3595,5
3596,3
3597,4
3598,1
3599,0
3600,3
3601,0
3602,0
3603,4
3604,0
3605,3
3606,1
3607,3
3608,0
3609,3
3610,4
3611,4
3612,0
3613,1
3614,4
3615,0
3616,1
3617,2
3618,3
3619,1
3620,1
3621,0
3622,0
3623,4
3624,0
3625,0
3626,3
3627,3
3628,1
3629,3
3630,1
3631,2
3632,5
3633,5
3634,2
3635,0
3636,0
3637,0
3638,1
3639,0
3640,0
3641,5
3642,1
3643,2
3644,0
3645,2
3646,3
3647,3
3648,0
3649,4
3650,3
3651,2
3652,2
3653,0
3654,1
3655,1
3656,4
3657,4
3658,2
3659,1
3660,5
3661,1
3662,2
3663,3
3664,0
3665,2
3666,3
3667,0
3668,2
3669,1
3670,5
3671,3
3672,2
3673,0
3674,3
3675,2
3676,1
3677,0
3678,0
3679,4
3680,0
3681,1
3682,3
3683,3
3684,3
3685,3
3686,0
3687,0
3688,2
3689,5
3690,3
3691,3
3692,3
3693,3
3694,0
3695,0
3696,0
3697,0
3698,3
3699,4
3700,0
3701,3
3702,1
3703,0
3704,5
3705,2
3706,3
3707,0
3708,2
3709,1
3710,3
3711,0
3712,0
3713,3
3714,4
3715,2
3716,0
3717,1
3718,4
3719,1
3720,0
3721,1
3722,3
3723,3
3724,2
3725,3
3726,0
3727,1
3728,1
3729,2
3730,0
3731,2
3732,5
3733,0
3734,1
3735,0
3736,0
3737,0
3738,4
3739,1
3740,0
3741,0
3742,4
3743,0
3744,1
3745,3
3746,3
3747,4
3748,2
3749,3
3750,0
3751,3
3752,3
3753,3
3754,3
3755,0
3756,5
3757,4
3758,1
3759,2
3760,3
3761,0
3762,0
3763,0
3764,2
3765,0
3766,1
3767,3
3768,3
3769,0
3770,0
3771,0
3772,0
3773,0
3774,0
3775,3
3776,0
3777,5
3778,4
3779,0
3780,3
3781,0
3782,4
3783,4
3784,0
3785,0
3786,2
3787,0
3788,0
3789,5
3790,0
3791,2
3792,2
3793,1
3794,0
3795,1
3796,0
3797,0
3798,4
3799,0
3800,3
3801,5
3802,3
3803,3
3804,0
3805,3
3806,3
3807,4
3808,3
3809,0
3810,2
3811,3
3812,5
3813,0
3814,1
3815,2
3816,3
3817,4
3818,2
3819,2
3820,1
3821,0
3822,3
3823,1
3824,3
3825,1
3826,2
3827,0
3828,1
3829,0
3830,0
3831,0
3832,2
3833,0
3834,1
3835,0
3836,0
3837,0
3838,5
3839,0
3840,3
3841,4
3842,0
3843,1
3844,4
3845,5
3846,5
3847,3
3848,2
3849,1
3850,3
3851,1
3852,0
3853,3
3854,4
3855,5
3856,0
3857,0
3858,2
3859,1
3860,4
3861,1
3862,0
3863,0
3864,1
3865,1
3866,3
3867,3
3868,0
3869,0
3870,2
3871,3
3872,3
3873,3
3874,3
3875,0
3876,0
3877,3
3878,3
3879,3
3880,1
3881,2
3882,2
3883,3
3884,5
3885,5
3886,2
3887,1
3888,5
3889,3
3890,0
3891,4
3892,5
3893,1
3894,0
3895,4
3896,1
3897,0
3898,0
3899,2
3900,1
3901,2
3902,4
3903,1
3904,2
3905,3
3906,3
3907,1
3908,2
3909,1
3910,0
3911,2
3912,0
3913,1
3914,3
3915,3
3916,0
3917,1
3918,1
3919,0
3920,1
3921,3
3922,0
3923,0
3924,0
3925,5
3926,0
3927,4
3928,0
3929,1
3930,2
3931,5
3932,0
3933,3
3934,0
3935,0
3936,1
3937,2
3938,2
3939,5
3940,1
3941,3
3942,1
3943,1
3944,3
3945,3
3946,0
3947,3
3948,1
3949,1
3950,0
3951,1
3952,0
3953,2
3954,4
3955,5
3956,1
3957,3
3958,1
3959,0
3960,1
3961,0
3962,0
3963,0
3964,3
3965,2
3966,4
3967,3
3968,0
3969,4
3970,3
3971,1
3972,0
3973,3
3974,1
3975,3
3976,0
3977,1
3978,2
3979,1
3980,0
3981,1
3982,4
3983,3
3984,0
3985,4
3986,3
3987,5
3988,2
3989,0
3990,0
3991,3
3992,3
3993,3
3994,3
3995,3
3996,0
3997,0
3998,0
3999,0
4000,1
4001,5
4002,3
4003,3
4004,1
4005,5
4006,4
4007,2
4008,1
4009,0
4010,4
4011,0
4012,2
4013,5
4014,3
4015,1
4016,1
4017,2
4018,0
4019,0
4020,0
4021,3
4022,2
4023,5
4024,2
4025,0
4026,1
4027,0
4028,0
4029,1
4030,3
4031,0
4032,0
4033,5
4034,0
4035,1
4036,4
4037,2
4038,5
4039,4
4040,0
4041,2
4042,0
4043,1
4044,0
4045,3
4046,5
4047,0
4048,3
4049,2
4050,1
4051,1
4052,0
4053,4
4054,0
4055,5
4056,0
4057,5
4058,0
4059,5
4060,5
4061,1
4062,3
4063,0
4064,1
4065,2
4066,3
4067,1
4068,1
4069,3
4070,3
4071,0
4072,3
4073,3
4074,2
4075,1
4076,3
4077,1
4078,2
4079,3
4080,2
4081,0
4082,1
4083,4
4084,3
4085,5
4086,1
4087,0
4088,0
4089,3
4090,1
4091,0
4092,0
4093,0
4094,0
4095,1
4096,0
4097,3
4098,1
4099,3
4100,0
4101,3
4102,2
4103,0
4104,0
4105,3
4106,3
4107,3
4108,3
4109,4
4110,2
4111,3
4112,1
4113,0
4114,3
4115,1
4116,4
4117,0
4118,0
4119,3
4120,1
4121,0
4122,1
4123,1
4124,3
4125,0
4126,1
4127,1
4128,1
4129,3
4130,5
4131,2
4132,0
4133,0
4134,3
4135,2
4136,2
4137,1
4138,2
4139,0
4140,0
4141,0
4142,3
4143,4
4144,0
4145,1
4146,0
4147,2
4148,4
4149,1
4150,1
4151,2
4152,0
4153,3
4154,0
4155,3
4156,2
4157,1
4158,3
4159,5
4160,0
4161,3
4162,0
4163,0
4164,1
4165,1
4166,2
4167,1
4168,0
4169,3
4170,1
4171,3
4172,0
4173,1
4174,1
4175,0
4176,3
4177,5
4178,3
4179,4
4180,0
4181,2
4182,4
4183,1
4184,3
4185,3
4186,3
4187,0
4188,3
4189,3
4190,3
4191,3
4192,2
4193,0
4194,0
4195,3
4196,0
4197,1
4198,4
4199,3
4200,3
4201,1
4202,1
4203,0
4204,1
4205,0
4206,0
4207,2
4208,4
4209,4
4210,1
4211,1
4212,2
4213,5
4214,1
4215,0
4216,0
4217,0
4218,0
4219,0
4220,0
4221,1
4222,3
4223,3
4224,3
4225,0
4226,1
4227,3
4228,0
4229,5
4230,1
4231,3
4232,1
4233,1
4234,2
4235,0
4236,1
4237,3
4238,5
4239,4
4240,3
4241,0
4242,0
4243,2
4244,5
4245,1
4246,0
4247,3
4248,1
4249,0
4250,1
4251,0
4252,0
4253,3
4254,4
4255,3
4256,1
4257,0
4258,2
4259,0
4260,4
4261,2
4262,0
4263,5
4264,2
4265,3
4266,3
4267,4
4268,0
4269,3
4270,3
4271,4
4272,0
4273,4
4274,5
4275,1
4276,3
4277,0
4278,4
4279,5
4280,4
4281,0
4282,1
4283,3
4284,1
4285,3
4286,0
4287,0
4288,3
4289,3
4290,3
4291,1
4292,2
4293,2
4294,2
4295,3
4296,2
4297,1
4298,0
4299,0
4300,1
4301,3
4302,2
4303,0
4304,3
4305,2
4306,4
4307,3
4308,0
4309,1
4310,3
4311,4
4312,0
4313,2
4314,0
4315,3
4316,0
4317,0
4318,0
4319,3
4320,0
4321,4
4322,1
4323,0
4324,3
4325,3
4326,1
4327,1
4328,0
4329,4
4330,2
4331,2
4332,0
4333,4
4334,1
4335,4
4336,3
4337,2
4338,0
4339,5
4340,1
4341,4
4342,2
4343,1
4344,0
4345,4
4346,2
4347,3
4348,3
4349,4
4350,3
4351,0
4352,2
4353,1
4354,4
4355,2
4356,3
4357,5
4358,1
4359,3
4360,0
4361,2
4362,1
4363,3
4364,1
4365,0
4366,1
4367,1
4368,0
4369,3
4370,1
4371,0
4372,0
4373,1
4374,3
4375,5
4376,0
4377,3
4378,3
4379,2
4380,3
4381,1
4382,0
4383,1
4384,4
4385,0
4386,3
4387,0
4388,1
4389,3
4390,0
4391,4
4392,5
4393,1
4394,0
4395,3
4396,5
4397,1
4398,0
4399,0
4400,1
4401,2
4402,1
4403,1
4404,1
4405,3
4406,0
4407,3
4408,3
4409,2
4410,3
4411,0
4412,1
4413,3
4414,3
4415,0
4416,3
4417,1
4418,4
4419,5
4420,4
4421,2
4422,0
4423,1
4424,5
4425,0
4426,1
4427,3
4428,0
4429,5
4430,5
4431,1
4432,2
4433,1
4434,4
4435,2
4436,4
4437,0
4438,3
4439,1
4440,0
4441,0
4442,3
4443,1
4444,2
4445,0
4446,3
4447,3
4448,5
4449,0
4450,3
4451,0
4452,2
4453,2
4454,0
4455,0
4456,0
4457,2
4458,0
4459,1
4460,0
4461,0
4462,3
4463,0
4464,5
4465,3
4466,4
4467,1
4468,3
4469,2
4470,0
4471,4
4472,1
4473,1
4474,0
4475,0
4476,4
4477,2
4478,0
4479,2
4480,1
4481,1
4482,3
4483,0
4484,2
4485,4
4486,3
4487,5
4488,2
4489,0
4490,3
4491,4
4492,0
4493,0
4494,0
4495,1
4496,0
4497,3
4498,2
4499,0
4500,0
4501,3
4502,2
4503,0
4504,3
4505,3
4506,4
4507,4
4508,1
4509,3
4510,2
4511,4
4512,1
4513,3
4514,1
4515,0
4516,3
4517,1
4518,1
4519,0
4520,3
4521,0
4522,0
4523,0
4524,4
4525,4
4526,0
4527,3
4528,3
4529,1
4530,2
4531,4
4532,0
4533,2
4534,4
4535,3
4536,3
4537,0
4538,1
4539,5
4540,0
4541,3
4542,3
4543,5
4544,3
4545,0
4546,1
4547,0
4548,4
4549,4
4550,0
4551,3
4552,5
4553,3
4554,2
4555,1
4556,3
4557,2
4558,4
4559,0
4560,3
4561,2
4562,5
4563,1
4564,2
4565,0
4566,1
4567,1
4568,0
4569,0
4570,0
4571,0
4572,0
4573,0
4574,3
4575,4
4576,4
4577,2
4578,4
4579,3
4580,1
4581,0
4582,0
4583,4
4584,0
4585,4
4586,4
4587,1
4588,3
4589,0
4590,4
4591,2
4592,1
4593,5
4594,1
4595,5
4596,3
4597,0
4598,0
4599,0
4600,3
4601,2
4602,3
4603,3
4604,3
4605,0
4606,0
4607,3
4608,0
4609,3
4610,2
4611,3
4612,1
4613,2
4614,4
4615,1
4616,0
4617,4
4618,3
4619,4
4620,2
4621,3
4622,1
4623,1
4624,3
4625,3
4626,5
4627,2
4628,3
4629,3
4630,4
4631,5
4632,3
4633,2
4634,4
4635,3
4636,1
4637,0
4638,3
4639,5
4640,1
4641,5
4642,3
4643,0
4644,0
4645,1
4646,0
4647,3
4648,1
4649,3
4650,1
4651,0
4652,3
4653,0
4654,4
4655,1
4656,0
4657,5
4658,0
4659,0
4660,1
4661,0
4662,5
4663,1
4664,1
4665,0
4666,1
4667,1
4668,4
4669,4
4670,0
4671,0
4672,2
4673,1
4674,1
4675,3
4676,4
4677,0
4678,1
4679,2
4680,0
4681,0
4682,0
4683,1
4684,0
4685,2
4686,2
4687,1
4688,0
4689,5
4690,4
4691,4
4692,4
4693,0
4694,3
4695,0
4696,1
4697,4
4698,1
4699,2
4700,1
4701,0
4702,0
4703,4
4704,2
4705,2
4706,3
4707,0
4708,3
4709,1
4710,0
4711,0
4712,5
4713,1
4714,0
4715,3
4716,3
4717,3
4718,0
4719,1
4720,3
4721,1
4722,3
4723,4
4724,3
4725,0
4726,3
4727,0
4728,5
4729,5
4730,1
4731,0
4732,5
4733,1
4734,3
4735,3
4736,4
4737,2
4738,4
4739,3
4740,2
4741,0
4742,3
4743,4
4744,0
4745,1
4746,3
4747,0
4748,5
4749,0
4750,0
4751,0
4752,0
4753,0
4754,4
4755,1
4756,0
4757,1
4758,0
4759,0
4760,1
4761,0
4762,0
4763,0
4764,3
4765,1
4766,3
4767,5
4768,0
4769,3
4770,1
4771,3
4772,1
4773,0
4774,2
4775,1
4776,3
4777,3
4778,3
4779,1
4780,0
4781,0
4782,4
4783,2
4784,1
4785,4
4786,2
4787,0
4788,0
4789,1
4790,0
4791,5
4792,0
4793,0
4794,1
4795,1
4796,2
4797,0
4798,1
4799,1
4800,2
4801,3
4802,3
4803,0
4804,0
4805,3
4806,2
4807,3
4808,0
4809,0
4810,3
4811,2
4812,4
4813,3
4814,1
4815,5
4816,3
4817,0
4818,4
4819,4
4820,0
4821,1
4822,0
4823,1
4824,2
4825,4
4826,3
4827,0
4828,0
4829,1
4830,1
4831,0
4832,0
4833,2
4834,3
4835,4
4836,1
4837,4
4838,3
4839,3
4840,1
4841,1
4842,0
4843,2
4844,3
4845,0
4846,3
4847,1
4848,2
4849,4
4850,3
4851,3
4852,1
4853,2
4854,3
4855,0
4856,2
4857,3
4858,3
4859,1
4860,3
4861,2
4862,2
4863,0
4864,4
4865,0
4866,5
4867,5
4868,0
4869,2
4870,5
4871,0
4872,0
4873,0
4874,3
4875,0
4876,4
4877,3
4878,0
4879,3
4880,0
4881,0
4882,0
4883,1
4884,3
4885,2
4886,5
4887,5
4888,5
4889,0
4890,1
4891,1
4892,3
4893,2
4894,4
4895,2
4896,5
4897,1
4898,3
4899,3
4900,2
4901,3
4902,0
4903,1
4904,0
4905,4
4906,5
4907,2
4908,3
4909,1
4910,1
4911,0
4912,0
4913,0
4914,0
4915,3
4916,3
4917,0
4918,3
4919,1
4920,3
4921,4
4922,0
4923,1
4924,0
4925,5
4926,1
4927,0
4928,5
4929,3
4930,0
4931,4
4932,3
4933,2
4934,3
4935,0
4936,1
4937,0
4938,1
4939,1
4940,3
4941,5
4942,1
4943,0
4944,4
4945,0
4946,3
4947,0
4948,0
4949,0
4950,1
4951,0
4952,0
4953,1
4954,0
4955,2
4956,1
4957,1
4958,0
4959,0
4960,4
4961,0
4962,2
4963,4
4964,1
4965,1
4966,0
4967,0
4968,4
4969,0
4970,5
4971,1
4972,0
4973,3
4974,3
4975,1
4976,0
4977,1
4978,1
4979,3
4980,3
4981,3
4982,0
4983,4
4984,1
4985,0
4986,2
4987,4
4988,0
4989,3
4990,0
4991,5
4992,4
4993,3
4994,0
4995,3
4996,0
4997,1
4998,3
4999,5
5000,3
5001,2
5002,1
5003,2
5004,3
5005,0
5006,0
5007,0
5008,1
5009,0
5010,0
5011,0
5012,4
5013,3
5014,2
5015,3
5016,1
5017,4
5018,3
5019,2
5020,3
5021,2
5022,3
5023,3
5024,0
5025,0
5026,3
5027,4
5028,2
5029,1
5030,2
5031,0
5032,0
5033,3
5034,0
5035,1
5036,1
5037,2
5038,0
5039,5
5040,0
5041,0
5042,3
5043,0
5044,2
5045,5
5046,2
5047,0
5048,0
5049,0
5050,2
5051,0
5052,5
5053,0
5054,1
5055,0
5056,5
5057,5
5058,0
5059,0
5060,0
5061,1
5062,0
5063,1
5064,3
5065,2
5066,0
5067,1
5068,0
5069,0
5070,0
5071,0
5072,2
5073,0
5074,3
5075,4
5076,1
5077,1
5078,0
5079,4
5080,0
5081,1
5082,2
5083,0
5084,1
5085,3
5086,1
5087,1
5088,1
5089,0
5090,4
5091,2
5092,3
5093,1
5094,1
5095,3
5096,1
5097,3
5098,1
5099,1
5100,0
5101,0
5102,0
5103,3
5104,2
5105,1
5106,0
5107,0
5108,1
5109,1
5110,0
5111,3
5112,4
5113,1
5114,3
5115,1
5116,0
5117,0
5118,4
5119,1
5120,2
5121,3
5122,4
5123,0
5124,3
5125,1
5126,3
5127,3
5128,1
5129,0
5130,3
5131,3
5132,1
5133,4
5134,3
5135,4
5136,1
5137,2
5138,1
5139,1
5140,2
5141,2
5142,2
5143,2
5144,4
5145,4
5146,2
5147,5
5148,0
5149,3
5150,0
5151,0
5152,0
5153,3
5154,0
5155,3
5156,0
5157,0
5158,3
5159,1
5160,3
5161,1
5162,3
5163,3
5164,1
5165,5
5166,0
5167,1
5168,4
5169,1
5170,2
5171,0
5172,1
5173,0
5174,0
5175,0
5176,3
5177,0
5178,0
5179,5
5180,0
5181,0
5182,1
5183,0
5184,0
5185,2
5186,0
5187,3
5188,3
5189,3
5190,3
5191,1
5192,1
5193,2
5194,0
5195,2
5196,0
5197,1
5198,0
5199,0
5200,3
5201,0
5202,0
5203,0
5204,1
5205,0
5206,0
5207,2
5208,5
5209,4
5210,2
5211,0
5212,5
5213,1
5214,0
5215,0
5216,1
5217,5
5218,0
5219,0
5220,0
5221,1
5222,3
5223,1
5224,5
5225,5
5226,2
5227,3
5228,2
5229,1
5230,0
5231,1
5232,0
5233,1
5234,2
5235,0
5236,0
5237,0
5238,3
5239,5
5240,2
5241,0
5242,1
5243,0
5244,0
5245,5
5246,0
5247,3
5248,0
5249,0
5250,2
5251,0
5252,0
5253,2
5254,0
5255,0
5256,0
5257,3
5258,3
5259,3
5260,0
5261,0
5262,0
5263,1
5264,0
5265,0
5266,1
5267,2
5268,0
5269,1
5270,0
5271,1
5272,1
5273,3
5274,1
5275,1
5276,0
5277,2
5278,1
5279,0
5280,4
5281,5
5282,0
5283,0
5284,3
5285,1
5286,1
5287,5
5288,3
5289,0
5290,1
5291,5
5292,4
5293,1
5294,5
5295,1
5296,2
5297,3
5298,3
5299,3
5300,1
5301,4
5302,1
5303,1
5304,0
5305,0
5306,3
5307,0
5308,5
5309,0
5310,4
5311,0
5312,0
5313,2
5314,4
5315,0
5316,0
5317,2
5318,3
5319,2
5320,1
5321,0
5322,0
5323,0
5324,0
5325,0
5326,3
5327,3
5328,2
5329,4
5330,3
5331,2
5332,2
5333,3
5334,3
5335,3
5336,1
5337,4
5338,3
5339,5
5340,3
5341,4
5342,3
5343,1
5344,0
5345,1
5346,1
5347,1
5348,3
5349,3
5350,0
5351,0
5352,1
5353,2
5354,0
5355,2
5356,5
5357,3
5358,1
5359,3
5360,0
5361,0
5362,3
5363,2
5364,2
5365,1
5366,0
5367,0
5368,4
5369,0
5370,0
5371,5
5372,2
5373,2
5374,0
5375,3
5376,0
5377,3
5378,4
5379,0
5380,1
5381,4
5382,0
5383,1
5384,4
5385,3
5386,3
5387,0
5388,0
5389,0
5390,3
5391,0
5392,2
5393,0
5394,4
5395,2
5396,0
5397,0
5398,1
5399,3
5400,3
5401,1
5402,0
5403,2
5404,3
5405,1
5406,3
5407,0
5408,1
5409,3
5410,4
5411,4
5412,2
5413,5
5414,0
5415,3
5416,0
5417,5
5418,2
5419,3
5420,3
5421,0
5422,0
5423,1
5424,2
5425,3
5426,1
5427,3
5428,0
5429,0
5430,0
5431,2
5432,3
5433,4
5434,0
5435,5
5436,3
5437,0
5438,1
5439,5
5440,5
5441,1
5442,0
5443,0
5444,0
5445,0
5446,0
5447,0
5448,3
5449,4
5450,4
5451,2
5452,0
5453,3
5454,0
5455,3
5456,0
5457,4
5458,2
5459,0
5460,2
5461,4
5462,0
5463,1
5464,1
5465,3
5466,0
5467,1
5468,0
5469,1
5470,3
5471,0
5472,3
5473,1
5474,2
5475,0
5476,3
5477,4
5478,3
5479,1
5480,3
5481,3
5482,3
5483,1
5484,1
5485,3
5486,4
5487,4
5488,5
5489,2
5490,1
5491,1
5492,3
5493,2
5494,4
5495,0
5496,1
5497,0
5498,5
5499,1
5500,0
5501,3
5502,4
5503,1
5504,3
5505,2
5506,1
5507,1
5508,2
5509,2
5510,1
5511,0
5512,0
5513,4
5514,2
5515,0
5516,1
5517,4
5518,4
5519,0
5520,3
5521,4
5522,2
5523,1
5524,0
5525,0
5526,3
5527,2
5528,1
5529,2
5530,0
5531,2
5532,4
5533,3
5534,3
5535,3
5536,3
5537,0
5538,0
5539,0
5540,3
5541,2
5542,1
5543,0
5544,0
5545,1
5546,0
5547,2
5548,3
5549,3
5550,3
5551,4
5552,3
5553,1
5554,4
5555,1
5556,3
5557,0
5558,3
5559,1
5560,0
5561,0
5562,5
5563,3
5564,0
5565,0
5566,1
5567,1
5568,2
5569,3
5570,1
5571,0
5572,3
5573,1
5574,4
5575,0
5576,2
5577,1
5578,5
5579,0
5580,5
5581,4
5582,1
5583,0
5584,0
5585,3
5586,1
5587,0
5588,5
5589,0
5590,5
5591,5
5592,3
5593,3
5594,3
5595,3
5596,3
5597,3
5598,1
5599,1
5600,3
5601,0
5602,0
5603,1
5604,2
5605,3
5606,3
5607,1
5608,2
5609,3
5610,4
5611,1
5612,2
5613,0
5614,0
5615,4
5616,3
5617,1
5618,1
5619,3
5620,2
5621,0
5622,0
5623,4
5624,2
5625,0
5626,2
5627,4
5628,5
5629,1
5630,3
5631,0
5632,1
5633,1
5634,0
5635,0
5636,0
5637,0
5638,0
5639,4
5640,0
5641,0
5642,3
5643,2
5644,0
5645,5
5646,3
5647,0
5648,0
5649,3
5650,4
5651,0
5652,2
5653,3
5654,1
5655,3
5656,3
5657,2
5658,5
5659,4
5660,3
5661,0
5662,0
5663,3
5664,0
5665,3
5666,0
5667,5
5668,2
5669,5
5670,5
5671,2
5672,3
5673,1
5674,4
5675,0
5676,5
5677,1
5678,0
5679,2
5680,3
5681,0
5682,3
5683,2
5684,0
5685,1
5686,3
5687,0
5688,4
5689,0
5690,0
5691,1
5692,3
5693,3
5694,3
5695,3
5696,1
5697,1
5698,0
5699,5
5700,4
5701,4
5702,0
5703,3
5704,0
5705,1
5706,2
5707,0
5708,2
5709,3
5710,3
5711,0
5712,2
5713,0
5714,4
5715,2
5716,0
5717,5
5718,0
5719,2
5720,0
5721,0
5722,2
5723,2
5724,0
5725,0
5726,1
5727,2
5728,0
5729,0
5730,0
5731,0
5732,4
5733,3
5734,0
5735,3
5736,3
5737,0
5738,0
5739,5
5740,1
5741,2
5742,4
5743,1
5744,4
5745,1
5746,2
5747,1
5748,0
5749,4
5750,4
5751,3
5752,5
5753,4
5754,5
5755,3
5756,0
5757,3
5758,2
5759,3
5760,4
5761,0
5762,2
5763,3
5764,0
5765,4
5766,0
5767,1
5768,5
5769,0
5770,4
5771,0
5772,4
5773,0
5774,3
5775,3
5776,1
5777,3
5778,2
5779,0
5780,3
5781,4
5782,1
5783,0
5784,0
5785,0
5786,5
5787,0
5788,4
5789,1
5790,0
5791,3
5792,3
5793,4
5794,3
5795,1
5796,3
5797,4
5798,3
5799,3
5800,0
5801,2
5802,3
5803,1
5804,0
5805,4
5806,0
5807,4
5808,0
5809,4
5810,0
5811,0
5812,4
5813,5
5814,3
5815,5
5816,0
5817,3
5818,0
5819,1
5820,1
5821,4
5822,0
5823,0
5824,0
5825,2
5826,3
5827,3
5828,4
5829,3
5830,3
5831,4
5832,1
5833,0
5834,3
5835,1
5836,0
5837,0
5838,2
5839,3
5840,4
5841,0
5842,2
5843,0
5844,3
5845,3
5846,2
5847,3
5848,0
5849,1
5850,2
5851,2
5852,3
5853,3
5854,2
5855,4
5856,0
5857,1
5858,2
5859,4
5860,0
5861,3
5862,3
5863,3
5864,4
5865,0
5866,5
5867,1
5868,1
5869,4
5870,3
5871,0
5872,0
5873,1
5874,1
5875,1
5876,3
5877,0
5878,5
5879,0
5880,0
5881,4
5882,3
5883,0
5884,1
5885,3
5886,0
5887,5
5888,3
5889,3
5890,4
5891,0
5892,3
5893,3
5894,3
5895,0
5896,0
5897,1
5898,3
5899,1
5900,0
5901,0
5902,0
5903,1
5904,2
5905,3
5906,4
5907,5
5908,0
5909,0
5910,0
5911,0
5912,0
5913,3
5914,5
5915,0
5916,0
5917,4
5918,3
5919,1
5920,0
5921,0
5922,2
5923,1
5924,3
5925,4
5926,3
5927,5
5928,1
5929,0
5930,1
5931,1
5932,2
5933,4
5934,3
5935,0
5936,0
5937,0
5938,4
5939,1
5940,3
5941,1
5942,2
5943,2
5944,3
5945,1
5946,0
5947,2
5948,3
5949,0
5950,3
5951,0
5952,1
5953,0
5954,0
5955,1
5956,3
5957,0
5958,2
5959,2
5960,4
5961,1
5962,5
5963,3
5964,3
5965,0
5966,3
5967,3
5968,2
5969,3
5970,1
5971,3
5972,3
5973,1
5974,4
5975,0
5976,0
5977,4
5978,2
5979,3
5980,3
5981,1
5982,3
5983,1
5984,0
5985,3
5986,3
5987,5
5988,4
5989,0
5990,4
5991,0
5992,0
5993,1
5994,3
5995,0
5996,0
5997,1
5998,3
5999,4
6000,5
6001,0
6002,0
6003,3
6004,0
6005,3
6006,4
6007,3
6008,0
6009,4
6010,0
6011,5
6012,2
6013,0
6014,2
6015,4
6016,3
6017,0
6018,0
6019,0
6020,3
6021,5
6022,3
6023,5
6024,3
6025,0
6026,1
6027,1
6028,3
6029,1
6030,4
6031,2
6032,3
6033,3
6034,3
6035,1
6036,0
6037,1
6038,4
6039,3
6040,3
6041,3
6042,0
6043,3
6044,3
6045,1
6046,0
6047,2
6048,2
6049,3
6050,1
6051,2
6052,5
6053,0
6054,1
6055,1
6056,3
6057,3
6058,2
6059,3
6060,0
6061,3
6062,0
6063,1
6064,2
6065,2
6066,0
6067,0
6068,3
6069,2
6070,0
6071,1
6072,3
6073,0
6074,0
6075,3
6076,1
6077,3
6078,1
6079,2
6080,3
6081,1
6082,5
6083,5
6084,1
6085,3
6086,4
6087,5
6088,1
6089,5
6090,4
6091,2
6092,1
6093,0
6094,0
6095,5
6096,2
6097,4
6098,1
6099,0
6100,1
6101,0
6102,0
6103,3
6104,4
6105,0
6106,3
6107,5
6108,5
6109,3
6110,3
6111,3
6112,0
6113,1
6114,0
6115,0
6116,0
6117,5
6118,0
6119,2
6120,3
6121,4
6122,0
6123,2
6124,5
6125,1
6126,0
6127,2
6128,0
6129,0
6130,3
6131,4
6132,1
6133,3
6134,0
6135,0
6136,5
6137,1
6138,1
6139,3
6140,3
6141,1
6142,3
6143,0
6144,0
6145,0
6146,0
6147,3
6148,0
6149,0
6150,2
6151,0
6152,2
6153,1
6154,0
6155,0
6156,3
6157,2
6158,0
6159,0
6160,0
6161,0
6162,0
6163,3
6164,0
6165,1
6166,4
6167,3
6168,4
6169,0
6170,2
6171,0
6172,3
6173,3
6174,5
6175,0
6176,4
6177,0
6178,0
6179,2
6180,3
6181,0
6182,1
6183,4
6184,3
6185,1
6186,0
6187,1
6188,0
6189,2
6190,0
6191,5
6192,3
6193,3
6194,5
6195,0
6196,0
6197,0
6198,1
6199,0
6200,2
6201,1
6202,3
6203,5
6204,1
6205,0
6206,4
6207,4
6208,1
6209,3
6210,0
6211,0
6212,1
6213,1
6214,1
6215,0
6216,3
6217,0
6218,5
6219,3
6220,0
6221,0
6222,1
6223,2
6224,4
6225,2
6226,3
6227,1
6228,3
6229,1
6230,0
6231,3
6232,0
6233,3
6234,0
6235,0
6236,1
6237,0
6238,1
6239,0
6240,2
6241,0
6242,5
6243,1
6244,2
6245,3
6246,0
6247,3
6248,4
6249,0
6250,1
6251,1
6252,4
6253,4
6254,0
6255,0
6256,2
6257,1
6258,5
6259,1
6260,1
6261,1
6262,1
6263,1
6264,1
6265,3
6266,0
6267,0
6268,2
6269,3
6270,0
6271,3
6272,2
6273,1
6274,0
6275,0
6276,2
6277,5
6278,3
6279,3
6280,0
6281,0
6282,0
6283,3
6284,0
6285,3
6286,5
6287,5
6288,0
6289,0
6290,2
